"filename", "language", "Python", "Shell Script", "pip requirements", "JSON", "Properties", "Lua", "Markdown", "Makefile", "reStructuredText", "CSS", "C++", "C", "XML", "YAML", "Ini", "HTML", "comment", "blank", "total"
"e:\LocalSoftware\share\Benchmark\Data_Resize_Test.py", "Python", -16, 0, 0, 0, 0, 0, 0, 0, 0, 0, 0, 0, 0, 0, 0, 0, -2, -2, -20
"e:\LocalSoftware\share\Benchmark\Dist_Grad_Benchmark.py", "Python", -285, 0, 0, 0, 0, 0, 0, 0, 0, 0, 0, 0, 0, 0, 0, 0, -21, -68, -374
"e:\LocalSoftware\share\Benchmark\Grad_Handle_Figure.py", "Python", -75, 0, 0, 0, 0, 0, 0, 0, 0, 0, 0, 0, 0, 0, 0, 0, -27, -26, -128
"e:\LocalSoftware\share\Benchmark\Single_Res50_Grad_Test.py", "Python", -130, 0, 0, 0, 0, 0, 0, 0, 0, 0, 0, 0, 0, 0, 0, 0, -17, -36, -183
"e:\LocalSoftware\share\DGT_data.py", "Python", -26, 0, 0, 0, 0, 0, 0, 0, 0, 0, 0, 0, 0, 0, 0, 0, -5, -13, -44
"e:\LocalSoftware\share\DPDK\Lesson\01_recv\Makefile", "Makefile", 0, 0, 0, 0, 0, 0, 0, -40, 0, 0, 0, 0, 0, 0, 0, 0, -6, -18, -64
"e:\LocalSoftware\share\DPDK\Lesson\01_recv\recv.c", "C", 0, 0, 0, 0, 0, 0, 0, 0, 0, 0, 0, -69, 0, 0, 0, 0, 0, -44, -113
"e:\LocalSoftware\share\DPDK\Lesson\02_send\Makefile", "Makefile", 0, 0, 0, 0, 0, 0, 0, -40, 0, 0, 0, 0, 0, 0, 0, 0, -6, -18, -64
"e:\LocalSoftware\share\DPDK\Lesson\02_send\send.c", "C", 0, 0, 0, 0, 0, 0, 0, 0, 0, 0, 0, -144, 0, 0, 0, 0, -5, -92, -241
"e:\LocalSoftware\share\DPDK\Lesson\03_arp\Makefile", "Makefile", 0, 0, 0, 0, 0, 0, 0, -40, 0, 0, 0, 0, 0, 0, 0, 0, -6, -18, -64
"e:\LocalSoftware\share\DPDK\Lesson\03_arp\arp.c", "C", 0, 0, 0, 0, 0, 0, 0, 0, 0, 0, 0, -196, 0, 0, 0, 0, -7, -125, -328
"e:\LocalSoftware\share\DPDK\Lesson\04_icmp\Makefile", "Makefile", 0, 0, 0, 0, 0, 0, 0, -40, 0, 0, 0, 0, 0, 0, 0, 0, -6, -18, -64
"e:\LocalSoftware\share\DPDK\Lesson\04_icmp\icmp.c", "C", 0, 0, 0, 0, 0, 0, 0, 0, 0, 0, 0, -270, 0, 0, 0, 0, -10, -169, -449
"e:\LocalSoftware\share\DPDK\Lesson\05_arptable\Makefile", "Makefile", 0, 0, 0, 0, 0, 0, 0, -40, 0, 0, 0, 0, 0, 0, 0, 0, -6, -18, -64
"e:\LocalSoftware\share\DPDK\Lesson\05_arptable\arp.h", "C++", 0, 0, 0, 0, 0, 0, 0, 0, 0, 0, -50, 0, 0, 0, 0, 0, -1, -38, -89
"e:\LocalSoftware\share\DPDK\Lesson\05_arptable\arptable.c", "C", 0, 0, 0, 0, 0, 0, 0, 0, 0, 0, 0, -366, 0, 0, 0, 0, -10, -220, -596
"e:\LocalSoftware\share\DPDK\Lesson\06_netarch\Makefile", "Makefile", 0, 0, 0, 0, 0, 0, 0, -40, 0, 0, 0, 0, 0, 0, 0, 0, -6, -18, -64
"e:\LocalSoftware\share\DPDK\Lesson\06_netarch\arp.h", "C++", 0, 0, 0, 0, 0, 0, 0, 0, 0, 0, -50, 0, 0, 0, 0, 0, -1, -38, -89
"e:\LocalSoftware\share\DPDK\Lesson\06_netarch\netarch.c", "C", 0, 0, 0, 0, 0, 0, 0, 0, 0, 0, 0, -417, 0, 0, 0, 0, -20, -252, -689
"e:\LocalSoftware\share\DPDK\Lesson\07_udp\Makefile", "Makefile", 0, 0, 0, 0, 0, 0, 0, -40, 0, 0, 0, 0, 0, 0, 0, 0, -6, -18, -64
"e:\LocalSoftware\share\DPDK\Lesson\07_udp\arp.h", "C++", 0, 0, 0, 0, 0, 0, 0, 0, 0, 0, -50, 0, 0, 0, 0, 0, -1, -38, -89
"e:\LocalSoftware\share\DPDK\Lesson\07_udp\udp.c", "C", 0, 0, 0, 0, 0, 0, 0, 0, 0, 0, 0, -716, 0, 0, 0, 0, -28, -448, -1192
"e:\LocalSoftware\share\DPDK\Lesson\07_udp\unix_udp.c", "C", 0, 0, 0, 0, 0, 0, 0, 0, 0, 0, 0, -35, 0, 0, 0, 0, 0, -25, -60
"e:\LocalSoftware\share\DPDK\Lesson\08_tcp\Makefile", "Makefile", 0, 0, 0, 0, 0, 0, 0, -40, 0, 0, 0, 0, 0, 0, 0, 0, -6, -18, -64
"e:\LocalSoftware\share\DPDK\Lesson\08_tcp\arp.h", "C++", 0, 0, 0, 0, 0, 0, 0, 0, 0, 0, -50, 0, 0, 0, 0, 0, -1, -38, -89
"e:\LocalSoftware\share\DPDK\Lesson\08_tcp\tcp.c", "C", 0, 0, 0, 0, 0, 0, 0, 0, 0, 0, 0, -917, 0, 0, 0, 0, -106, -566, -1589
"e:\LocalSoftware\share\DPDK\Lesson\09_tcp_transmission\Makefile", "Makefile", 0, 0, 0, 0, 0, 0, 0, -40, 0, 0, 0, 0, 0, 0, 0, 0, -6, -18, -64
"e:\LocalSoftware\share\DPDK\Lesson\09_tcp_transmission\arp.h", "C++", 0, 0, 0, 0, 0, 0, 0, 0, 0, 0, -50, 0, 0, 0, 0, 0, -1, -38, -89
"e:\LocalSoftware\share\DPDK\Lesson\09_tcp_transmission\tcp.c", "C", 0, 0, 0, 0, 0, 0, 0, 0, 0, 0, 0, -987, 0, 0, 0, 0, -114, -596, -1697
"e:\LocalSoftware\share\DPDK\Lesson\10_tcp_api\Makefile", "Makefile", 0, 0, 0, 0, 0, 0, 0, -40, 0, 0, 0, 0, 0, 0, 0, 0, -6, -18, -64
"e:\LocalSoftware\share\DPDK\Lesson\10_tcp_api\arp.h", "C++", 0, 0, 0, 0, 0, 0, 0, 0, 0, 0, -50, 0, 0, 0, 0, 0, -1, -38, -89
"e:\LocalSoftware\share\DPDK\Lesson\10_tcp_api\tcp.c", "C", 0, 0, 0, 0, 0, 0, 0, 0, 0, 0, 0, -1338, 0, 0, 0, 0, -144, -779, -2261
"e:\LocalSoftware\share\DPDK\pktgen-dpdk\.github\workflows\doc.yml", "YAML", 0, 0, 0, 0, 0, 0, 0, 0, 0, 0, 0, 0, 0, -32, 0, 0, -2, -6, -40
"e:\LocalSoftware\share\DPDK\pktgen-dpdk\INSTALL.md", "Markdown", 0, 0, 0, 0, 0, 0, -141, 0, 0, 0, 0, 0, 0, 0, 0, 0, 0, -55, -196
"e:\LocalSoftware\share\DPDK\pktgen-dpdk\Makefile", "Makefile", 0, 0, 0, 0, 0, 0, 0, -31, 0, 0, 0, 0, 0, 0, 0, 0, -9, -18, -58
"e:\LocalSoftware\share\DPDK\pktgen-dpdk\Pktgen.lua", "Lua", 0, 0, 0, 0, 0, -161, 0, 0, 0, 0, 0, 0, 0, 0, 0, 0, -68, -50, -279
"e:\LocalSoftware\share\DPDK\pktgen-dpdk\PktgenGUI.lua", "Lua", 0, 0, 0, 0, 0, -92, 0, 0, 0, 0, 0, 0, 0, 0, 0, 0, -7, -17, -116
"e:\LocalSoftware\share\DPDK\pktgen-dpdk\README.md", "Markdown", 0, 0, 0, 0, 0, 0, -162, 0, 0, 0, 0, 0, 0, 0, 0, 0, 0, -48, -210
"e:\LocalSoftware\share\DPDK\pktgen-dpdk\app\cli-functions.c", "C", 0, 0, 0, 0, 0, 0, 0, 0, 0, 0, 0, -1981, 0, 0, 0, 0, -138, -198, -2317
"e:\LocalSoftware\share\DPDK\pktgen-dpdk\app\cli-functions.h", "C++", 0, 0, 0, 0, 0, 0, 0, 0, 0, 0, -10, 0, 0, 0, 0, 0, -6, -7, -23
"e:\LocalSoftware\share\DPDK\pktgen-dpdk\app\lpktgenlib.c", "C", 0, 0, 0, 0, 0, 0, 0, 0, 0, 0, 0, -2322, 0, 0, 0, 0, -1147, -596, -4065
"e:\LocalSoftware\share\DPDK\pktgen-dpdk\app\lpktgenlib.h", "C++", 0, 0, 0, 0, 0, 0, 0, 0, 0, 0, -18, 0, 0, 0, 0, 0, -6, -8, -32
"e:\LocalSoftware\share\DPDK\pktgen-dpdk\app\pktgen-arp.c", "C", 0, 0, 0, 0, 0, 0, 0, 0, 0, 0, 0, -126, 0, 0, 0, 0, -42, -42, -210
"e:\LocalSoftware\share\DPDK\pktgen-dpdk\app\pktgen-arp.h", "C++", 0, 0, 0, 0, 0, 0, 0, 0, 0, 0, -14, 0, 0, 0, 0, 0, -6, -8, -28
"e:\LocalSoftware\share\DPDK\pktgen-dpdk\app\pktgen-capture.c", "C", 0, 0, 0, 0, 0, 0, 0, 0, 0, 0, 0, -179, 0, 0, 0, 0, -81, -54, -314
"e:\LocalSoftware\share\DPDK\pktgen-dpdk\app\pktgen-capture.h", "C++", 0, 0, 0, 0, 0, 0, 0, 0, 0, 0, -31, 0, 0, 0, 0, 0, -10, -13, -54
"e:\LocalSoftware\share\DPDK\pktgen-dpdk\app\pktgen-cfg.c", "C", 0, 0, 0, 0, 0, 0, 0, 0, 0, 0, 0, -57, 0, 0, 0, 0, -22, -16, -95
"e:\LocalSoftware\share\DPDK\pktgen-dpdk\app\pktgen-cfg.h", "C++", 0, 0, 0, 0, 0, 0, 0, 0, 0, 0, -10, 0, 0, 0, 0, 0, -6, -7, -23
"e:\LocalSoftware\share\DPDK\pktgen-dpdk\app\pktgen-cmds.c", "C", 0, 0, 0, 0, 0, 0, 0, 0, 0, 0, 0, -2596, 0, 0, 0, 0, -1382, -516, -4494
"e:\LocalSoftware\share\DPDK\pktgen-dpdk\app\pktgen-cmds.h", "C++", 0, 0, 0, 0, 0, 0, 0, 0, 0, 0, -163, 0, 0, 0, 0, 0, -16, -20, -199
"e:\LocalSoftware\share\DPDK\pktgen-dpdk\app\pktgen-constants.h", "C++", 0, 0, 0, 0, 0, 0, 0, 0, 0, 0, -26, 0, 0, 0, 0, 0, -13, -11, -50
"e:\LocalSoftware\share\DPDK\pktgen-dpdk\app\pktgen-cpu.c", "C", 0, 0, 0, 0, 0, 0, 0, 0, 0, 0, 0, -84, 0, 0, 0, 0, -28, -22, -134
"e:\LocalSoftware\share\DPDK\pktgen-dpdk\app\pktgen-cpu.h", "C++", 0, 0, 0, 0, 0, 0, 0, 0, 0, 0, -21, 0, 0, 0, 0, 0, -28, -12, -61
"e:\LocalSoftware\share\DPDK\pktgen-dpdk\app\pktgen-display.c", "C", 0, 0, 0, 0, 0, 0, 0, 0, 0, 0, 0, -301, 0, 0, 0, 0, -46, -72, -419
"e:\LocalSoftware\share\DPDK\pktgen-dpdk\app\pktgen-display.h", "C++", 0, 0, 0, 0, 0, 0, 0, 0, 0, 0, -25, 0, 0, 0, 0, 0, -142, -22, -189
"e:\LocalSoftware\share\DPDK\pktgen-dpdk\app\pktgen-dump.c", "C", 0, 0, 0, 0, 0, 0, 0, 0, 0, 0, 0, -75, 0, 0, 0, 0, -47, -30, -152
"e:\LocalSoftware\share\DPDK\pktgen-dpdk\app\pktgen-dump.h", "C++", 0, 0, 0, 0, 0, 0, 0, 0, 0, 0, -14, 0, 0, 0, 0, 0, -6, -9, -29
"e:\LocalSoftware\share\DPDK\pktgen-dpdk\app\pktgen-ether.c", "C", 0, 0, 0, 0, 0, 0, 0, 0, 0, 0, 0, -44, 0, 0, 0, 0, -29, -22, -95
"e:\LocalSoftware\share\DPDK\pktgen-dpdk\app\pktgen-ether.h", "C++", 0, 0, 0, 0, 0, 0, 0, 0, 0, 0, -14, 0, 0, 0, 0, 0, -6, -10, -30
"e:\LocalSoftware\share\DPDK\pktgen-dpdk\app\pktgen-gre.c", "C", 0, 0, 0, 0, 0, 0, 0, 0, 0, 0, 0, -94, 0, 0, 0, 0, -58, -31, -183
"e:\LocalSoftware\share\DPDK\pktgen-dpdk\app\pktgen-gre.h", "C++", 0, 0, 0, 0, 0, 0, 0, 0, 0, 0, -14, 0, 0, 0, 0, 0, -6, -8, -28
"e:\LocalSoftware\share\DPDK\pktgen-dpdk\app\pktgen-gtpu.c", "C", 0, 0, 0, 0, 0, 0, 0, 0, 0, 0, 0, -42, 0, 0, 0, 0, -42, -18, -102
"e:\LocalSoftware\share\DPDK\pktgen-dpdk\app\pktgen-gtpu.h", "C++", 0, 0, 0, 0, 0, 0, 0, 0, 0, 0, -13, 0, 0, 0, 0, 0, -17, -9, -39
"e:\LocalSoftware\share\DPDK\pktgen-dpdk\app\pktgen-gui-cfg.h", "C++", 0, 0, 0, 0, 0, 0, 0, 0, 0, 0, -86, 0, 0, 0, 0, 0, -8, -9, -103
"e:\LocalSoftware\share\DPDK\pktgen-dpdk\app\pktgen-gui-misc.c", "C", 0, 0, 0, 0, 0, 0, 0, 0, 0, 0, 0, -163, 0, 0, 0, 0, -138, -54, -355
"e:\LocalSoftware\share\DPDK\pktgen-dpdk\app\pktgen-gui-streams.c", "C", 0, 0, 0, 0, 0, 0, 0, 0, 0, 0, 0, -702, 0, 0, 0, 0, -211, -214, -1127
"e:\LocalSoftware\share\DPDK\pktgen-dpdk\app\pktgen-gui-streams.h", "C++", 0, 0, 0, 0, 0, 0, 0, 0, 0, 0, -37, 0, 0, 0, 0, 0, -8, -14, -59
"e:\LocalSoftware\share\DPDK\pktgen-dpdk\app\pktgen-gui.c", "C", 0, 0, 0, 0, 0, 0, 0, 0, 0, 0, 0, -744, 0, 0, 0, 0, -338, -274, -1356
"e:\LocalSoftware\share\DPDK\pktgen-dpdk\app\pktgen-gui.h", "C++", 0, 0, 0, 0, 0, 0, 0, 0, 0, 0, -110, 0, 0, 0, 0, 0, -15, -32, -157
"e:\LocalSoftware\share\DPDK\pktgen-dpdk\app\pktgen-ipv4.c", "C", 0, 0, 0, 0, 0, 0, 0, 0, 0, 0, 0, -95, 0, 0, 0, 0, -52, -36, -183
"e:\LocalSoftware\share\DPDK\pktgen-dpdk\app\pktgen-ipv4.h", "C++", 0, 0, 0, 0, 0, 0, 0, 0, 0, 0, -13, 0, 0, 0, 0, 0, -6, -7, -26
"e:\LocalSoftware\share\DPDK\pktgen-dpdk\app\pktgen-ipv6.c", "C", 0, 0, 0, 0, 0, 0, 0, 0, 0, 0, 0, -81, 0, 0, 0, 0, -39, -26, -146
"e:\LocalSoftware\share\DPDK\pktgen-dpdk\app\pktgen-ipv6.h", "C++", 0, 0, 0, 0, 0, 0, 0, 0, 0, 0, -12, 0, 0, 0, 0, 0, -17, -9, -38
"e:\LocalSoftware\share\DPDK\pktgen-dpdk\app\pktgen-latency.c", "C", 0, 0, 0, 0, 0, 0, 0, 0, 0, 0, 0, -254, 0, 0, 0, 0, -39, -66, -359
"e:\LocalSoftware\share\DPDK\pktgen-dpdk\app\pktgen-latency.h", "C++", 0, 0, 0, 0, 0, 0, 0, 0, 0, 0, -20, 0, 0, 0, 0, 0, -23, -12, -55
"e:\LocalSoftware\share\DPDK\pktgen-dpdk\app\pktgen-log.c", "C", 0, 0, 0, 0, 0, 0, 0, 0, 0, 0, 0, -192, 0, 0, 0, 0, -109, -64, -365
"e:\LocalSoftware\share\DPDK\pktgen-dpdk\app\pktgen-log.h", "C++", 0, 0, 0, 0, 0, 0, 0, 0, 0, 0, -71, 0, 0, 0, 0, 0, -69, -20, -160
"e:\LocalSoftware\share\DPDK\pktgen-dpdk\app\pktgen-main.c", "C", 0, 0, 0, 0, 0, 0, 0, 0, 0, 0, 0, -412, 0, 0, 0, 0, -87, -100, -599
"e:\LocalSoftware\share\DPDK\pktgen-dpdk\app\pktgen-main.h", "C++", 0, 0, 0, 0, 0, 0, 0, 0, 0, 0, -17, 0, 0, 0, 0, 0, -17, -12, -46
"e:\LocalSoftware\share\DPDK\pktgen-dpdk\app\pktgen-pcap.c", "C", 0, 0, 0, 0, 0, 0, 0, 0, 0, 0, 0, -220, 0, 0, 0, 0, -62, -60, -342
"e:\LocalSoftware\share\DPDK\pktgen-dpdk\app\pktgen-pcap.h", "C++", 0, 0, 0, 0, 0, 0, 0, 0, 0, 0, -13, 0, 0, 0, 0, 0, -6, -9, -28
"e:\LocalSoftware\share\DPDK\pktgen-dpdk\app\pktgen-port-cfg.c", "C", 0, 0, 0, 0, 0, 0, 0, 0, 0, 0, 0, -346, 0, 0, 0, 0, -58, -96, -500
"e:\LocalSoftware\share\DPDK\pktgen-dpdk\app\pktgen-port-cfg.h", "C++", 0, 0, 0, 0, 0, 0, 0, 0, 0, 0, -451, 0, 0, 0, 0, 0, -43, -92, -586
"e:\LocalSoftware\share\DPDK\pktgen-dpdk\app\pktgen-random.c", "C", 0, 0, 0, 0, 0, 0, 0, 0, 0, 0, 0, -180, 0, 0, 0, 0, -118, -61, -359
"e:\LocalSoftware\share\DPDK\pktgen-dpdk\app\pktgen-random.h", "C++", 0, 0, 0, 0, 0, 0, 0, 0, 0, 0, -36, 0, 0, 0, 0, 0, -13, -20, -69
"e:\LocalSoftware\share\DPDK\pktgen-dpdk\app\pktgen-range.c", "C", 0, 0, 0, 0, 0, 0, 0, 0, 0, 0, 0, -616, 0, 0, 0, 0, -58, -111, -785
"e:\LocalSoftware\share\DPDK\pktgen-dpdk\app\pktgen-range.h", "C++", 0, 0, 0, 0, 0, 0, 0, 0, 0, 0, -133, 0, 0, 0, 0, 0, -22, -29, -184
"e:\LocalSoftware\share\DPDK\pktgen-dpdk\app\pktgen-rate.c", "C", 0, 0, 0, 0, 0, 0, 0, 0, 0, 0, 0, -311, 0, 0, 0, 0, -50, -80, -441
"e:\LocalSoftware\share\DPDK\pktgen-dpdk\app\pktgen-rate.h", "C++", 0, 0, 0, 0, 0, 0, 0, 0, 0, 0, -20, 0, 0, 0, 0, 0, -6, -10, -36
"e:\LocalSoftware\share\DPDK\pktgen-dpdk\app\pktgen-seq.c", "C", 0, 0, 0, 0, 0, 0, 0, 0, 0, 0, 0, -89, 0, 0, 0, 0, -17, -23, -129
"e:\LocalSoftware\share\DPDK\pktgen-dpdk\app\pktgen-seq.h", "C++", 0, 0, 0, 0, 0, 0, 0, 0, 0, 0, -62, 0, 0, 0, 0, 0, -7, -19, -88
"e:\LocalSoftware\share\DPDK\pktgen-dpdk\app\pktgen-stats.c", "C", 0, 0, 0, 0, 0, 0, 0, 0, 0, 0, 0, -585, 0, 0, 0, 0, -78, -122, -785
"e:\LocalSoftware\share\DPDK\pktgen-dpdk\app\pktgen-stats.h", "C++", 0, 0, 0, 0, 0, 0, 0, 0, 0, 0, -30, 0, 0, 0, 0, 0, -6, -10, -46
"e:\LocalSoftware\share\DPDK\pktgen-dpdk\app\pktgen-tcp.c", "C", 0, 0, 0, 0, 0, 0, 0, 0, 0, 0, 0, -52, 0, 0, 0, 0, -20, -16, -88
"e:\LocalSoftware\share\DPDK\pktgen-dpdk\app\pktgen-tcp.h", "C++", 0, 0, 0, 0, 0, 0, 0, 0, 0, 0, -12, 0, 0, 0, 0, 0, -17, -9, -38
"e:\LocalSoftware\share\DPDK\pktgen-dpdk\app\pktgen-udp.c", "C", 0, 0, 0, 0, 0, 0, 0, 0, 0, 0, 0, -51, 0, 0, 0, 0, -20, -18, -89
"e:\LocalSoftware\share\DPDK\pktgen-dpdk\app\pktgen-udp.h", "C++", 0, 0, 0, 0, 0, 0, 0, 0, 0, 0, -13, 0, 0, 0, 0, 0, -17, -10, -40
"e:\LocalSoftware\share\DPDK\pktgen-dpdk\app\pktgen-version.h", "C++", 0, 0, 0, 0, 0, 0, 0, 0, 0, 0, -12, 0, 0, 0, 0, 0, -6, -8, -26
"e:\LocalSoftware\share\DPDK\pktgen-dpdk\app\pktgen-vlan.c", "C", 0, 0, 0, 0, 0, 0, 0, 0, 0, 0, 0, -35, 0, 0, 0, 0, -19, -9, -63
"e:\LocalSoftware\share\DPDK\pktgen-dpdk\app\pktgen-vlan.h", "C++", 0, 0, 0, 0, 0, 0, 0, 0, 0, 0, -12, 0, 0, 0, 0, 0, -6, -8, -26
"e:\LocalSoftware\share\DPDK\pktgen-dpdk\app\pktgen.c", "C", 0, 0, 0, 0, 0, 0, 0, 0, 0, 0, 0, -996, 0, 0, 0, 0, -335, -284, -1615
"e:\LocalSoftware\share\DPDK\pktgen-dpdk\app\pktgen.h", "C++", 0, 0, 0, 0, 0, 0, 0, 0, 0, 0, -456, 0, 0, 0, 0, 0, -28, -86, -570
"e:\LocalSoftware\share\DPDK\pktgen-dpdk\app\xorshift64star.h", "C++", 0, 0, 0, 0, 0, 0, 0, 0, 0, 0, -21, 0, 0, 0, 0, 0, -7, -9, -37
"e:\LocalSoftware\share\DPDK\pktgen-dpdk\cfg\bond.cfg", "Properties", 0, 0, 0, 0, -43, 0, 0, 0, 0, 0, 0, 0, 0, 0, 0, 0, -7, -10, -60
"e:\LocalSoftware\share\DPDK\pktgen-dpdk\cfg\client_memif.cfg", "Properties", 0, 0, 0, 0, -41, 0, 0, 0, 0, 0, 0, 0, 0, 0, 0, 0, -6, -9, -56
"e:\LocalSoftware\share\DPDK\pktgen-dpdk\cfg\client_mif.cfg", "Properties", 0, 0, 0, 0, -39, 0, 0, 0, 0, 0, 0, 0, 0, 0, 0, 0, -6, -11, -56
"e:\LocalSoftware\share\DPDK\pktgen-dpdk\cfg\dapi-l3fwd.cfg", "Properties", 0, 0, 0, 0, -38, 0, 0, 0, 0, 0, 0, 0, 0, 0, 0, 0, -6, -11, -55
"e:\LocalSoftware\share\DPDK\pktgen-dpdk\cfg\default-100G.cfg", "Properties", 0, 0, 0, 0, -39, 0, 0, 0, 0, 0, 0, 0, 0, 0, 0, 0, -9, -10, -58
"e:\LocalSoftware\share\DPDK\pktgen-dpdk\cfg\default-gui.cfg", "Properties", 0, 0, 0, 0, -35, 0, 0, 0, 0, 0, 0, 0, 0, 0, 0, 0, -8, -10, -53
"e:\LocalSoftware\share\DPDK\pktgen-dpdk\cfg\default.cfg", "Properties", 0, 0, 0, 0, -41, 0, 0, 0, 0, 0, 0, 0, 0, 0, 0, 0, -10, -10, -61
"e:\LocalSoftware\share\DPDK\pktgen-dpdk\cfg\dfs.cfg", "Properties", 0, 0, 0, 0, -40, 0, 0, 0, 0, 0, 0, 0, 0, 0, 0, 0, -9, -10, -59
"e:\LocalSoftware\share\DPDK\pktgen-dpdk\cfg\dnet-echo.cfg", "Properties", 0, 0, 0, 0, -43, 0, 0, 0, 0, 0, 0, 0, 0, 0, 0, 0, -8, -10, -61
"e:\LocalSoftware\share\DPDK\pktgen-dpdk\cfg\half-bond.cfg", "Properties", 0, 0, 0, 0, -42, 0, 0, 0, 0, 0, 0, 0, 0, 0, 0, 0, -6, -10, -58
"e:\LocalSoftware\share\DPDK\pktgen-dpdk\cfg\hs-fwd.cfg", "Properties", 0, 0, 0, 0, -41, 0, 0, 0, 0, 0, 0, 0, 0, 0, 0, 0, -7, -10, -58
"e:\LocalSoftware\share\DPDK\pktgen-dpdk\cfg\ioat.cfg", "Properties", 0, 0, 0, 0, -38, 0, 0, 0, 0, 0, 0, 0, 0, 0, 0, 0, -6, -10, -54
"e:\LocalSoftware\share\DPDK\pktgen-dpdk\cfg\lat.cfg", "Properties", 0, 0, 0, 0, -44, 0, 0, 0, 0, 0, 0, 0, 0, 0, 0, 0, -7, -10, -61
"e:\LocalSoftware\share\DPDK\pktgen-dpdk\cfg\many-cores.cfg", "Properties", 0, 0, 0, 0, -41, 0, 0, 0, 0, 0, 0, 0, 0, 0, 0, 0, -6, -11, -58
"e:\LocalSoftware\share\DPDK\pktgen-dpdk\cfg\multi-port.cfg", "Properties", 0, 0, 0, 0, -41, 0, 0, 0, 0, 0, 0, 0, 0, 0, 0, 0, -9, -10, -60
"e:\LocalSoftware\share\DPDK\pktgen-dpdk\cfg\pcap.cfg", "Properties", 0, 0, 0, 0, -46, 0, 0, 0, 0, 0, 0, 0, 0, 0, 0, 0, -9, -10, -65
"e:\LocalSoftware\share\DPDK\pktgen-dpdk\cfg\pdump.cfg", "Properties", 0, 0, 0, 0, -39, 0, 0, 0, 0, 0, 0, 0, 0, 0, 0, 0, -7, -10, -56
"e:\LocalSoftware\share\DPDK\pktgen-dpdk\cfg\pktgen-1.cfg", "Properties", 0, 0, 0, 0, -41, 0, 0, 0, 0, 0, 0, 0, 0, 0, 0, 0, -6, -10, -57
"e:\LocalSoftware\share\DPDK\pktgen-dpdk\cfg\pktgen-2.cfg", "Properties", 0, 0, 0, 0, -41, 0, 0, 0, 0, 0, 0, 0, 0, 0, 0, 0, -6, -10, -57
"e:\LocalSoftware\share\DPDK\pktgen-dpdk\cfg\server_memif.cfg", "Properties", 0, 0, 0, 0, -41, 0, 0, 0, 0, 0, 0, 0, 0, 0, 0, 0, -6, -10, -57
"e:\LocalSoftware\share\DPDK\pktgen-dpdk\cfg\server_mif.cfg", "Properties", 0, 0, 0, 0, -41, 0, 0, 0, 0, 0, 0, 0, 0, 0, 0, 0, -6, -10, -57
"e:\LocalSoftware\share\DPDK\pktgen-dpdk\cfg\socket.cfg", "Properties", 0, 0, 0, 0, -39, 0, 0, 0, 0, 0, 0, 0, 0, 0, 0, 0, -7, -10, -56
"e:\LocalSoftware\share\DPDK\pktgen-dpdk\cfg\two-ports-shared.cfg", "Properties", 0, 0, 0, 0, -43, 0, 0, 0, 0, 0, 0, 0, 0, 0, 0, 0, -8, -10, -61
"e:\LocalSoftware\share\DPDK\pktgen-dpdk\cfg\two-ports.cfg", "Properties", 0, 0, 0, 0, -43, 0, 0, 0, 0, 0, 0, 0, 0, 0, 0, 0, -8, -11, -62
"e:\LocalSoftware\share\DPDK\pktgen-dpdk\cfg\xdp-100.cfg", "Properties", 0, 0, 0, 0, -37, 0, 0, 0, 0, 0, 0, 0, 0, 0, 0, 0, -8, -10, -55
"e:\LocalSoftware\share\DPDK\pktgen-dpdk\cfg\xdp-40.cfg", "Properties", 0, 0, 0, 0, -40, 0, 0, 0, 0, 0, 0, 0, 0, 0, 0, 0, -8, -10, -58
"e:\LocalSoftware\share\DPDK\pktgen-dpdk\cfg\xl710.cfg", "Properties", 0, 0, 0, 0, -38, 0, 0, 0, 0, 0, 0, 0, 0, 0, 0, 0, -8, -10, -56
"e:\LocalSoftware\share\DPDK\pktgen-dpdk\doc\api\doxy-api-index.md", "Markdown", 0, 0, 0, 0, 0, 0, -169, 0, 0, 0, 0, 0, 0, 0, 0, 0, -4, -19, -192
"e:\LocalSoftware\share\DPDK\pktgen-dpdk\doc\api\doxy-html-custom.sh", "Shell Script", 0, -2, 0, 0, 0, 0, 0, 0, 0, 0, 0, 0, 0, 0, 0, 0, -4, -3, -9
"e:\LocalSoftware\share\DPDK\pktgen-dpdk\doc\api\generate_doxygen.sh", "Shell Script", 0, -6, 0, 0, 0, 0, 0, 0, 0, 0, 0, 0, 0, 0, 0, 0, -4, -4, -14
"e:\LocalSoftware\share\DPDK\pktgen-dpdk\doc\api\generate_examples.sh", "Shell Script", 0, -8, 0, 0, 0, 0, 0, 0, 0, 0, 0, 0, 0, 0, 0, 0, -5, -4, -17
"e:\LocalSoftware\share\DPDK\pktgen-dpdk\doc\source\changes.rst", "reStructuredText", 0, 0, 0, 0, 0, 0, 0, 0, -4, 0, 0, 0, 0, 0, 0, 0, -2, -5, -11
"e:\LocalSoftware\share\DPDK\pktgen-dpdk\doc\source\cli.rst", "reStructuredText", 0, 0, 0, 0, 0, 0, 0, 0, 0, 0, 0, 0, 0, 0, 0, 0, -1, 0, -1
"e:\LocalSoftware\share\DPDK\pktgen-dpdk\doc\source\cli_lib.rst", "reStructuredText", 0, 0, 0, 0, 0, 0, 0, 0, 0, 0, 0, 0, 0, 0, 0, 0, -1, 0, -1
"e:\LocalSoftware\share\DPDK\pktgen-dpdk\doc\source\commands.rst", "reStructuredText", 0, 0, 0, 0, 0, 0, 0, 0, -547, 0, 0, 0, 0, 0, 0, 0, -2, -116, -665
"e:\LocalSoftware\share\DPDK\pktgen-dpdk\doc\source\conf.py", "Python", -52, 0, 0, 0, 0, 0, 0, 0, 0, 0, 0, 0, 0, 0, 0, 0, -2, -16, -70
"e:\LocalSoftware\share\DPDK\pktgen-dpdk\doc\source\contents.rst", "reStructuredText", 0, 0, 0, 0, 0, 0, 0, 0, -34, 0, 0, 0, 0, 0, 0, 0, -2, -13, -49
"e:\LocalSoftware\share\DPDK\pktgen-dpdk\doc\source\copyright.rst", "reStructuredText", 0, 0, 0, 0, 0, 0, 0, 0, -29, 0, 0, 0, 0, 0, 0, 0, -1, -10, -40
"e:\LocalSoftware\share\DPDK\pktgen-dpdk\doc\source\custom.css", "CSS", 0, 0, 0, 0, 0, 0, 0, 0, 0, -3, 0, 0, 0, 0, 0, 0, -3, -2, -8
"e:\LocalSoftware\share\DPDK\pktgen-dpdk\doc\source\getting_started.rst", "reStructuredText", 0, 0, 0, 0, 0, 0, 0, 0, -205, 0, 0, 0, 0, 0, 0, 0, -3, -89, -297
"e:\LocalSoftware\share\DPDK\pktgen-dpdk\doc\source\index.rst", "reStructuredText", 0, 0, 0, 0, 0, 0, 0, 0, -34, 0, 0, 0, 0, 0, 0, 0, -2, -13, -49
"e:\LocalSoftware\share\DPDK\pktgen-dpdk\doc\source\license.rst", "reStructuredText", 0, 0, 0, 0, 0, 0, 0, 0, -67, 0, 0, 0, 0, 0, 0, 0, -1, -17, -85
"e:\LocalSoftware\share\DPDK\pktgen-dpdk\doc\source\lua.rst", "reStructuredText", 0, 0, 0, 0, 0, 0, 0, 0, -31, 0, 0, 0, 0, 0, 0, 0, -6, -29, -66
"e:\LocalSoftware\share\DPDK\pktgen-dpdk\doc\source\running.rst", "reStructuredText", 0, 0, 0, 0, 0, 0, 0, 0, -122, 0, 0, 0, 0, 0, 0, 0, -3, -33, -158
"e:\LocalSoftware\share\DPDK\pktgen-dpdk\doc\source\scripts.rst", "reStructuredText", 0, 0, 0, 0, 0, 0, 0, 0, -20, 0, 0, 0, 0, 0, 0, 0, -2, -12, -34
"e:\LocalSoftware\share\DPDK\pktgen-dpdk\doc\source\socket.rst", "reStructuredText", 0, 0, 0, 0, 0, 0, 0, 0, -44, 0, 0, 0, 0, 0, 0, 0, -2, -21, -67
"e:\LocalSoftware\share\DPDK\pktgen-dpdk\doc\source\usage_eal.rst", "reStructuredText", 0, 0, 0, 0, 0, 0, 0, 0, -70, 0, 0, 0, 0, 0, 0, 0, -1, -21, -92
"e:\LocalSoftware\share\DPDK\pktgen-dpdk\doc\source\usage_pktgen.rst", "reStructuredText", 0, 0, 0, 0, 0, 0, 0, 0, -122, 0, 0, 0, 0, 0, 0, 0, -1, -39, -162
"e:\LocalSoftware\share\DPDK\pktgen-dpdk\format-clang.sh", "Shell Script", 0, -4, 0, 0, 0, 0, 0, 0, 0, 0, 0, 0, 0, 0, 0, 0, -2, -3, -9
"e:\LocalSoftware\share\DPDK\pktgen-dpdk\lib\cli\cli.c", "C", 0, 0, 0, 0, 0, 0, 0, 0, 0, 0, 0, -661, 0, 0, 0, 0, -63, -171, -895
"e:\LocalSoftware\share\DPDK\pktgen-dpdk\lib\cli\cli.h", "C++", 0, 0, 0, 0, 0, 0, 0, 0, 0, 0, -396, 0, 0, 0, 0, 0, -456, -103, -955
"e:\LocalSoftware\share\DPDK\pktgen-dpdk\lib\cli\cli.rst", "reStructuredText", 0, 0, 0, 0, 0, 0, 0, 0, -457, 0, 0, 0, 0, 0, 0, 0, -17, -123, -597
"e:\LocalSoftware\share\DPDK\pktgen-dpdk\lib\cli\cli_auto_complete.c", "C", 0, 0, 0, 0, 0, 0, 0, 0, 0, 0, 0, -159, 0, 0, 0, 0, -20, -61, -240
"e:\LocalSoftware\share\DPDK\pktgen-dpdk\lib\cli\cli_auto_complete.h", "C++", 0, 0, 0, 0, 0, 0, 0, 0, 0, 0, -11, 0, 0, 0, 0, 0, -14, -8, -33
"e:\LocalSoftware\share\DPDK\pktgen-dpdk\lib\cli\cli_cmap.c", "C", 0, 0, 0, 0, 0, 0, 0, 0, 0, 0, 0, -202, 0, 0, 0, 0, -34, -45, -281
"e:\LocalSoftware\share\DPDK\pktgen-dpdk\lib\cli\cli_cmap.h", "C++", 0, 0, 0, 0, 0, 0, 0, 0, 0, 0, -75, 0, 0, 0, 0, 0, -73, -22, -170
"e:\LocalSoftware\share\DPDK\pktgen-dpdk\lib\cli\cli_cmds.c", "C", 0, 0, 0, 0, 0, 0, 0, 0, 0, 0, 0, -580, 0, 0, 0, 0, -14, -109, -703
"e:\LocalSoftware\share\DPDK\pktgen-dpdk\lib\cli\cli_cmds.h", "C++", 0, 0, 0, 0, 0, 0, 0, 0, 0, 0, -10, 0, 0, 0, 0, 0, -16, -7, -33
"e:\LocalSoftware\share\DPDK\pktgen-dpdk\lib\cli\cli_common.h", "C++", 0, 0, 0, 0, 0, 0, 0, 0, 0, 0, -31, 0, 0, 0, 0, 0, -18, -14, -63
"e:\LocalSoftware\share\DPDK\pktgen-dpdk\lib\cli\cli_env.c", "C", 0, 0, 0, 0, 0, 0, 0, 0, 0, 0, 0, -157, 0, 0, 0, 0, -11, -47, -215
"e:\LocalSoftware\share\DPDK\pktgen-dpdk\lib\cli\cli_env.h", "C++", 0, 0, 0, 0, 0, 0, 0, 0, 0, 0, -36, 0, 0, 0, 0, 0, -104, -20, -160
"e:\LocalSoftware\share\DPDK\pktgen-dpdk\lib\cli\cli_file.c", "C", 0, 0, 0, 0, 0, 0, 0, 0, 0, 0, 0, -223, 0, 0, 0, 0, -5, -42, -270
"e:\LocalSoftware\share\DPDK\pktgen-dpdk\lib\cli\cli_file.h", "C++", 0, 0, 0, 0, 0, 0, 0, 0, 0, 0, -102, 0, 0, 0, 0, 0, -115, -33, -250
"e:\LocalSoftware\share\DPDK\pktgen-dpdk\lib\cli\cli_gapbuf.c", "C", 0, 0, 0, 0, 0, 0, 0, 0, 0, 0, 0, -109, 0, 0, 0, 0, -13, -30, -152
"e:\LocalSoftware\share\DPDK\pktgen-dpdk\lib\cli\cli_gapbuf.h", "C++", 0, 0, 0, 0, 0, 0, 0, 0, 0, 0, -298, 0, 0, 0, 0, 0, -334, -76, -708
"e:\LocalSoftware\share\DPDK\pktgen-dpdk\lib\cli\cli_help.c", "C", 0, 0, 0, 0, 0, 0, 0, 0, 0, 0, 0, -97, 0, 0, 0, 0, -5, -30, -132
"e:\LocalSoftware\share\DPDK\pktgen-dpdk\lib\cli\cli_help.h", "C++", 0, 0, 0, 0, 0, 0, 0, 0, 0, 0, -38, 0, 0, 0, 0, 0, -68, -17, -123
"e:\LocalSoftware\share\DPDK\pktgen-dpdk\lib\cli\cli_history.c", "C", 0, 0, 0, 0, 0, 0, 0, 0, 0, 0, 0, -180, 0, 0, 0, 0, -5, -59, -244
"e:\LocalSoftware\share\DPDK\pktgen-dpdk\lib\cli\cli_history.h", "C++", 0, 0, 0, 0, 0, 0, 0, 0, 0, 0, -32, 0, 0, 0, 0, 0, -109, -22, -163
"e:\LocalSoftware\share\DPDK\pktgen-dpdk\lib\cli\cli_input.c", "C", 0, 0, 0, 0, 0, 0, 0, 0, 0, 0, 0, -98, 0, 0, 0, 0, -11, -23, -132
"e:\LocalSoftware\share\DPDK\pktgen-dpdk\lib\cli\cli_input.h", "C++", 0, 0, 0, 0, 0, 0, 0, 0, 0, 0, -166, 0, 0, 0, 0, 0, -200, -46, -412
"e:\LocalSoftware\share\DPDK\pktgen-dpdk\lib\cli\cli_lib.rst", "reStructuredText", 0, 0, 0, 0, 0, 0, 0, 0, -488, 0, 0, 0, 0, 0, 0, 0, -15, -129, -632
"e:\LocalSoftware\share\DPDK\pktgen-dpdk\lib\cli\cli_map.c", "C", 0, 0, 0, 0, 0, 0, 0, 0, 0, 0, 0, -269, 0, 0, 0, 0, -10, -44, -323
"e:\LocalSoftware\share\DPDK\pktgen-dpdk\lib\cli\cli_map.h", "C++", 0, 0, 0, 0, 0, 0, 0, 0, 0, 0, -19, 0, 0, 0, 0, 0, -73, -13, -105
"e:\LocalSoftware\share\DPDK\pktgen-dpdk\lib\cli\cli_scrn.c", "C", 0, 0, 0, 0, 0, 0, 0, 0, 0, 0, 0, -162, 0, 0, 0, 0, -8, -50, -220
"e:\LocalSoftware\share\DPDK\pktgen-dpdk\lib\cli\cli_scrn.h", "C++", 0, 0, 0, 0, 0, 0, 0, 0, 0, 0, -368, 0, 0, 0, 0, 0, -108, -101, -577
"e:\LocalSoftware\share\DPDK\pktgen-dpdk\lib\cli\cli_search.c", "C", 0, 0, 0, 0, 0, 0, 0, 0, 0, 0, 0, -218, 0, 0, 0, 0, -18, -64, -300
"e:\LocalSoftware\share\DPDK\pktgen-dpdk\lib\cli\cli_search.h", "C++", 0, 0, 0, 0, 0, 0, 0, 0, 0, 0, -43, 0, 0, 0, 0, 0, -139, -22, -204
"e:\LocalSoftware\share\DPDK\pktgen-dpdk\lib\cli\cli_vt100.c", "C", 0, 0, 0, 0, 0, 0, 0, 0, 0, 0, 0, -310, 0, 0, 0, 0, -10, -66, -386
"e:\LocalSoftware\share\DPDK\pktgen-dpdk\lib\common\cksum.c", "C", 0, 0, 0, 0, 0, 0, 0, 0, 0, 0, 0, -121, 0, 0, 0, 0, -106, -18, -245
"e:\LocalSoftware\share\DPDK\pktgen-dpdk\lib\common\cksum.h", "C++", 0, 0, 0, 0, 0, 0, 0, 0, 0, 0, -15, 0, 0, 0, 0, 0, -6, -6, -27
"e:\LocalSoftware\share\DPDK\pktgen-dpdk\lib\common\cmdline_parse_args.c", "C", 0, 0, 0, 0, 0, 0, 0, 0, 0, 0, 0, -76, 0, 0, 0, 0, -5, -21, -102
"e:\LocalSoftware\share\DPDK\pktgen-dpdk\lib\common\cmdline_parse_args.h", "C++", 0, 0, 0, 0, 0, 0, 0, 0, 0, 0, -37, 0, 0, 0, 0, 0, -6, -13, -56
"e:\LocalSoftware\share\DPDK\pktgen-dpdk\lib\common\copyright_info.c", "C", 0, 0, 0, 0, 0, 0, 0, 0, 0, 0, 0, -38, 0, 0, 0, 0, -32, -11, -81
"e:\LocalSoftware\share\DPDK\pktgen-dpdk\lib\common\copyright_info.h", "C++", 0, 0, 0, 0, 0, 0, 0, 0, 0, 0, -13, 0, 0, 0, 0, 0, -29, -9, -51
"e:\LocalSoftware\share\DPDK\pktgen-dpdk\lib\common\core_info.c", "C", 0, 0, 0, 0, 0, 0, 0, 0, 0, 0, 0, -43, 0, 0, 0, 0, -6, -11, -60
"e:\LocalSoftware\share\DPDK\pktgen-dpdk\lib\common\core_info.h", "C++", 0, 0, 0, 0, 0, 0, 0, 0, 0, 0, -27, 0, 0, 0, 0, 0, -13, -12, -52
"e:\LocalSoftware\share\DPDK\pktgen-dpdk\lib\common\coremap.c", "C", 0, 0, 0, 0, 0, 0, 0, 0, 0, 0, 0, -315, 0, 0, 0, 0, -64, -59, -438
"e:\LocalSoftware\share\DPDK\pktgen-dpdk\lib\common\coremap.h", "C++", 0, 0, 0, 0, 0, 0, 0, 0, 0, 0, -22, 0, 0, 0, 0, 0, -6, -10, -38
"e:\LocalSoftware\share\DPDK\pktgen-dpdk\lib\common\l2p.c", "C", 0, 0, 0, 0, 0, 0, 0, 0, 0, 0, 0, -280, 0, 0, 0, 0, -119, -68, -467
"e:\LocalSoftware\share\DPDK\pktgen-dpdk\lib\common\l2p.h", "C++", 0, 0, 0, 0, 0, 0, 0, 0, 0, 0, -292, 0, 0, 0, 0, 0, -118, -77, -487
"e:\LocalSoftware\share\DPDK\pktgen-dpdk\lib\common\lscpu.c", "C", 0, 0, 0, 0, 0, 0, 0, 0, 0, 0, 0, -178, 0, 0, 0, 0, -6, -33, -217
"e:\LocalSoftware\share\DPDK\pktgen-dpdk\lib\common\lscpu.h", "C++", 0, 0, 0, 0, 0, 0, 0, 0, 0, 0, -31, 0, 0, 0, 0, 0, -7, -12, -50
"e:\LocalSoftware\share\DPDK\pktgen-dpdk\lib\common\mbuf.h", "C++", 0, 0, 0, 0, 0, 0, 0, 0, 0, 0, -109, 0, 0, 0, 0, 0, -52, -27, -188
"e:\LocalSoftware\share\DPDK\pktgen-dpdk\lib\common\pg_compat.h", "C++", 0, 0, 0, 0, 0, 0, 0, 0, 0, 0, -15, 0, 0, 0, 0, 0, -8, -9, -32
"e:\LocalSoftware\share\DPDK\pktgen-dpdk\lib\common\pg_delay.h", "C++", 0, 0, 0, 0, 0, 0, 0, 0, 0, 0, -13, 0, 0, 0, 0, 0, -8, -7, -28
"e:\LocalSoftware\share\DPDK\pktgen-dpdk\lib\common\pg_ether.h", "C++", 0, 0, 0, 0, 0, 0, 0, 0, 0, 0, -10, 0, 0, 0, 0, 0, -12, -6, -28
"e:\LocalSoftware\share\DPDK\pktgen-dpdk\lib\common\pg_inet.c", "C", 0, 0, 0, 0, 0, 0, 0, 0, 0, 0, 0, -11, 0, 0, 0, 0, -7, -4, -22
"e:\LocalSoftware\share\DPDK\pktgen-dpdk\lib\common\pg_inet.h", "C++", 0, 0, 0, 0, 0, 0, 0, 0, 0, 0, -466, 0, 0, 0, 0, 0, -166, -92, -724
"e:\LocalSoftware\share\DPDK\pktgen-dpdk\lib\common\pg_pcap.c", "C", 0, 0, 0, 0, 0, 0, 0, 0, 0, 0, 0, -192, 0, 0, 0, 0, -96, -48, -336
"e:\LocalSoftware\share\DPDK\pktgen-dpdk\lib\common\pg_pcap.h", "C++", 0, 0, 0, 0, 0, 0, 0, 0, 0, 0, -69, 0, 0, 0, 0, 0, -7, -16, -92
"e:\LocalSoftware\share\DPDK\pktgen-dpdk\lib\common\pg_strings.c", "C", 0, 0, 0, 0, 0, 0, 0, 0, 0, 0, 0, -167, 0, 0, 0, 0, -9, -50, -226
"e:\LocalSoftware\share\DPDK\pktgen-dpdk\lib\common\pg_strings.h", "C++", 0, 0, 0, 0, 0, 0, 0, 0, 0, 0, -133, 0, 0, 0, 0, 0, -112, -29, -274
"e:\LocalSoftware\share\DPDK\pktgen-dpdk\lib\common\port_config.c", "C", 0, 0, 0, 0, 0, 0, 0, 0, 0, 0, 0, -105, 0, 0, 0, 0, -43, -27, -175
"e:\LocalSoftware\share\DPDK\pktgen-dpdk\lib\common\port_config.h", "C++", 0, 0, 0, 0, 0, 0, 0, 0, 0, 0, -13, 0, 0, 0, 0, 0, -6, -7, -26
"e:\LocalSoftware\share\DPDK\pktgen-dpdk\lib\common\utils.c", "C", 0, 0, 0, 0, 0, 0, 0, 0, 0, 0, 0, -80, 0, 0, 0, 0, -26, -19, -125
"e:\LocalSoftware\share\DPDK\pktgen-dpdk\lib\common\utils.h", "C++", 0, 0, 0, 0, 0, 0, 0, 0, 0, 0, -36, 0, 0, 0, 0, 0, -24, -14, -74
"e:\LocalSoftware\share\DPDK\pktgen-dpdk\lib\fgen\fgen.c", "C", 0, 0, 0, 0, 0, 0, 0, 0, 0, 0, 0, -304, 0, 0, 0, 0, -19, -97, -420
"e:\LocalSoftware\share\DPDK\pktgen-dpdk\lib\fgen\fgen.h", "C++", 0, 0, 0, 0, 0, 0, 0, 0, 0, 0, -137, 0, 0, 0, 0, 0, -133, -39, -309
"e:\LocalSoftware\share\DPDK\pktgen-dpdk\lib\fgen\parse.c", "C", 0, 0, 0, 0, 0, 0, 0, 0, 0, 0, 0, -631, 0, 0, 0, 0, -16, -158, -805
"e:\LocalSoftware\share\DPDK\pktgen-dpdk\lib\fgen\unparse.c", "C", 0, 0, 0, 0, 0, 0, 0, 0, 0, 0, 0, -137, 0, 0, 0, 0, -9, -39, -185
"e:\LocalSoftware\share\DPDK\pktgen-dpdk\lib\fgen\unparse.h", "C++", 0, 0, 0, 0, 0, 0, 0, 0, 0, 0, -24, 0, 0, 0, 0, 0, -49, -13, -86
"e:\LocalSoftware\share\DPDK\pktgen-dpdk\lib\lua\lua_config.c", "C", 0, 0, 0, 0, 0, 0, 0, 0, 0, 0, 0, -276, 0, 0, 0, 0, -9, -83, -368
"e:\LocalSoftware\share\DPDK\pktgen-dpdk\lib\lua\lua_config.h", "C++", 0, 0, 0, 0, 0, 0, 0, 0, 0, 0, -78, 0, 0, 0, 0, 0, -4, -28, -110
"e:\LocalSoftware\share\DPDK\pktgen-dpdk\lib\lua\lua_dapi.c", "C", 0, 0, 0, 0, 0, 0, 0, 0, 0, 0, 0, -107, 0, 0, 0, 0, -4, -40, -151
"e:\LocalSoftware\share\DPDK\pktgen-dpdk\lib\lua\lua_dapi.h", "C++", 0, 0, 0, 0, 0, 0, 0, 0, 0, 0, -19, 0, 0, 0, 0, 0, -4, -11, -34
"e:\LocalSoftware\share\DPDK\pktgen-dpdk\lib\lua\lua_dpdk.c", "C", 0, 0, 0, 0, 0, 0, 0, 0, 0, 0, 0, -324, 0, 0, 0, 0, -9, -110, -443
"e:\LocalSoftware\share\DPDK\pktgen-dpdk\lib\lua\lua_dpdk.h", "C++", 0, 0, 0, 0, 0, 0, 0, 0, 0, 0, -113, 0, 0, 0, 0, 0, -60, -34, -207
"e:\LocalSoftware\share\DPDK\pktgen-dpdk\lib\lua\lua_pktmbuf.c", "C", 0, 0, 0, 0, 0, 0, 0, 0, 0, 0, 0, -124, 0, 0, 0, 0, -4, -46, -174
"e:\LocalSoftware\share\DPDK\pktgen-dpdk\lib\lua\lua_pktmbuf.h", "C++", 0, 0, 0, 0, 0, 0, 0, 0, 0, 0, -16, 0, 0, 0, 0, 0, -4, -10, -30
"e:\LocalSoftware\share\DPDK\pktgen-dpdk\lib\lua\lua_socket.c", "C", 0, 0, 0, 0, 0, 0, 0, 0, 0, 0, 0, -234, 0, 0, 0, 0, -30, -59, -323
"e:\LocalSoftware\share\DPDK\pktgen-dpdk\lib\lua\lua_socket.h", "C++", 0, 0, 0, 0, 0, 0, 0, 0, 0, 0, -23, 0, 0, 0, 0, 0, -4, -10, -37
"e:\LocalSoftware\share\DPDK\pktgen-dpdk\lib\lua\lua_stdio.c", "C", 0, 0, 0, 0, 0, 0, 0, 0, 0, 0, 0, -106, 0, 0, 0, 0, -9, -26, -141
"e:\LocalSoftware\share\DPDK\pktgen-dpdk\lib\lua\lua_stdio.h", "C++", 0, 0, 0, 0, 0, 0, 0, 0, 0, 0, -30, 0, 0, 0, 0, 0, -4, -10, -44
"e:\LocalSoftware\share\DPDK\pktgen-dpdk\lib\lua\lua_utils.c", "C", 0, 0, 0, 0, 0, 0, 0, 0, 0, 0, 0, -33, 0, 0, 0, 0, -7, -9, -49
"e:\LocalSoftware\share\DPDK\pktgen-dpdk\lib\lua\lua_utils.h", "C++", 0, 0, 0, 0, 0, 0, 0, 0, 0, 0, -53, 0, 0, 0, 0, 0, -9, -16, -78
"e:\LocalSoftware\share\DPDK\pktgen-dpdk\lib\lua\lua_vec.c", "C", 0, 0, 0, 0, 0, 0, 0, 0, 0, 0, 0, -100, 0, 0, 0, 0, -4, -36, -140
"e:\LocalSoftware\share\DPDK\pktgen-dpdk\lib\lua\lua_vec.h", "C++", 0, 0, 0, 0, 0, 0, 0, 0, 0, 0, -17, 0, 0, 0, 0, 0, -4, -10, -31
"e:\LocalSoftware\share\DPDK\pktgen-dpdk\lib\plugin\plugin.c", "C", 0, 0, 0, 0, 0, 0, 0, 0, 0, 0, 0, -278, 0, 0, 0, 0, -23, -83, -384
"e:\LocalSoftware\share\DPDK\pktgen-dpdk\lib\plugin\plugin.h", "C++", 0, 0, 0, 0, 0, 0, 0, 0, 0, 0, -91, 0, 0, 0, 0, 0, -124, -36, -251
"e:\LocalSoftware\share\DPDK\pktgen-dpdk\lib\utils\_atoip.c", "C", 0, 0, 0, 0, 0, 0, 0, 0, 0, 0, 0, -210, 0, 0, 0, 0, -45, -26, -281
"e:\LocalSoftware\share\DPDK\pktgen-dpdk\lib\utils\_atoip.h", "C++", 0, 0, 0, 0, 0, 0, 0, 0, 0, 0, -27, 0, 0, 0, 0, 0, -22, -12, -61
"e:\LocalSoftware\share\DPDK\pktgen-dpdk\lib\utils\heap.c", "C", 0, 0, 0, 0, 0, 0, 0, 0, 0, 0, 0, -166, 0, 0, 0, 0, -56, -57, -279
"e:\LocalSoftware\share\DPDK\pktgen-dpdk\lib\utils\heap.h", "C++", 0, 0, 0, 0, 0, 0, 0, 0, 0, 0, -32, 0, 0, 0, 0, 0, -10, -14, -56
"e:\LocalSoftware\share\DPDK\pktgen-dpdk\lib\utils\inet_pton.c", "C", 0, 0, 0, 0, 0, 0, 0, 0, 0, 0, 0, -137, 0, 0, 0, 0, -66, -17, -220
"e:\LocalSoftware\share\DPDK\pktgen-dpdk\lib\utils\parson_json.c", "C", 0, 0, 0, 0, 0, 0, 0, 0, 0, 0, 0, -2308, 0, 0, 0, 0, -64, -430, -2802
"e:\LocalSoftware\share\DPDK\pktgen-dpdk\lib\utils\parson_json.h", "C++", 0, 0, 0, 0, 0, 0, 0, 0, 0, 0, -179, 0, 0, 0, 0, 0, -77, -42, -298
"e:\LocalSoftware\share\DPDK\pktgen-dpdk\lib\utils\portlist.c", "C", 0, 0, 0, 0, 0, 0, 0, 0, 0, 0, 0, -103, 0, 0, 0, 0, -5, -28, -136
"e:\LocalSoftware\share\DPDK\pktgen-dpdk\lib\utils\portlist.h", "C++", 0, 0, 0, 0, 0, 0, 0, 0, 0, 0, -19, 0, 0, 0, 0, 0, -30, -12, -61
"e:\LocalSoftware\share\DPDK\pktgen-dpdk\lib\vec\vec.c", "C", 0, 0, 0, 0, 0, 0, 0, 0, 0, 0, 0, -90, 0, 0, 0, 0, -6, -24, -120
"e:\LocalSoftware\share\DPDK\pktgen-dpdk\lib\vec\vec.h", "C++", 0, 0, 0, 0, 0, 0, 0, 0, 0, 0, -373, 0, 0, 0, 0, 0, -38, -95, -506
"e:\LocalSoftware\share\DPDK\pktgen-dpdk\scripts\latency-samples.lua", "Lua", 0, 0, 0, 0, 0, -69, 0, 0, 0, 0, 0, 0, 0, 0, 0, 0, -6, -20, -95
"e:\LocalSoftware\share\DPDK\pktgen-dpdk\scripts\latency.lua", "Lua", 0, 0, 0, 0, 0, -22, 0, 0, 0, 0, 0, 0, 0, 0, 0, 0, -3, -12, -37
"e:\LocalSoftware\share\DPDK\pktgen-dpdk\scripts\rfc2544.lua", "Lua", 0, 0, 0, 0, 0, -376, 0, 0, 0, 0, 0, 0, 0, 0, 0, 0, -55, -91, -522
"e:\LocalSoftware\share\DPDK\pktgen-dpdk\scripts\rfc2544_tput_test.lua", "Lua", 0, 0, 0, 0, 0, -78, 0, 0, 0, 0, 0, 0, 0, 0, 0, 0, -10, -24, -112
"e:\LocalSoftware\share\DPDK\pktgen-dpdk\scripts\traffic-profile.lua", "Lua", 0, 0, 0, 0, 0, -44, 0, 0, 0, 0, 0, 0, 0, 0, 0, 0, -12, -21, -77
"e:\LocalSoftware\share\DPDK\pktgen-dpdk\style\call_GNU_Indent.sh", "Shell Script", 0, -32, 0, 0, 0, 0, 0, 0, 0, 0, 0, 0, 0, 0, 0, 0, -5, -7, -44
"e:\LocalSoftware\share\DPDK\pktgen-dpdk\style\call_Uncrustify.cfg", "Properties", 0, 0, 0, 0, -166, 0, 0, 0, 0, 0, 0, 0, 0, 0, 0, 0, 0, -1, -167
"e:\LocalSoftware\share\DPDK\pktgen-dpdk\style\call_Uncrustify.sh", "Shell Script", 0, -32, 0, 0, 0, 0, 0, 0, 0, 0, 0, 0, 0, 0, 0, 0, -5, -7, -44
"e:\LocalSoftware\share\DPDK\pktgen-dpdk\test\dump.lua", "Lua", 0, 0, 0, 0, 0, -8, 0, 0, 0, 0, 0, 0, 0, 0, 0, 0, 0, -6, -14
"e:\LocalSoftware\share\DPDK\pktgen-dpdk\test\generate-sequences.sh", "Shell Script", 0, -26, 0, 0, 0, 0, 0, 0, 0, 0, 0, 0, 0, 0, 0, 0, -19, -12, -57
"e:\LocalSoftware\share\DPDK\pktgen-dpdk\test\gtpu-range.lua", "Lua", 0, 0, 0, 0, 0, -72, 0, 0, 0, 0, 0, 0, 0, 0, 0, 0, -10, -29, -111
"e:\LocalSoftware\share\DPDK\pktgen-dpdk\test\hello-world.lua", "Lua", 0, 0, 0, 0, 0, -7, 0, 0, 0, 0, 0, 0, 0, 0, 0, 0, 0, -3, -10
"e:\LocalSoftware\share\DPDK\pktgen-dpdk\test\info.lua", "Lua", 0, 0, 0, 0, 0, -16, 0, 0, 0, 0, 0, 0, 0, 0, 0, 0, -4, -7, -27
"e:\LocalSoftware\share\DPDK\pktgen-dpdk\test\main.lua", "Lua", 0, 0, 0, 0, 0, -120, 0, 0, 0, 0, 0, 0, 0, 0, 0, 0, -9, -27, -156
"e:\LocalSoftware\share\DPDK\pktgen-dpdk\test\port_info.lua", "Lua", 0, 0, 0, 0, 0, -3, 0, 0, 0, 0, 0, 0, 0, 0, 0, 0, -4, -3, -10
"e:\LocalSoftware\share\DPDK\pktgen-dpdk\test\range.lua", "Lua", 0, 0, 0, 0, 0, -18, 0, 0, 0, 0, 0, 0, 0, 0, 0, 0, -22, -11, -51
"e:\LocalSoftware\share\DPDK\pktgen-dpdk\test\screen_off.lua", "Lua", 0, 0, 0, 0, 0, -1, 0, 0, 0, 0, 0, 0, 0, 0, 0, 0, -2, -2, -5
"e:\LocalSoftware\share\DPDK\pktgen-dpdk\test\set_gtpu_seq.lua", "Lua", 0, 0, 0, 0, 0, -35, 0, 0, 0, 0, 0, 0, 0, 0, 0, 0, -3, -2, -40
"e:\LocalSoftware\share\DPDK\pktgen-dpdk\test\set_seq.lua", "Lua", 0, 0, 0, 0, 0, -19, 0, 0, 0, 0, 0, 0, 0, 0, 0, 0, -3, -1, -23
"e:\LocalSoftware\share\DPDK\pktgen-dpdk\test\test.lua", "Lua", 0, 0, 0, 0, 0, -52, 0, 0, 0, 0, 0, 0, 0, 0, 0, 0, -3, -20, -75
"e:\LocalSoftware\share\DPDK\pktgen-dpdk\test\test1.lua", "Lua", 0, 0, 0, 0, 0, -63, 0, 0, 0, 0, 0, 0, 0, 0, 0, 0, -5, -7, -75
"e:\LocalSoftware\share\DPDK\pktgen-dpdk\test\test2.lua", "Lua", 0, 0, 0, 0, 0, -31, 0, 0, 0, 0, 0, 0, 0, 0, 0, 0, 0, -6, -37
"e:\LocalSoftware\share\DPDK\pktgen-dpdk\test\test3.lua", "Lua", 0, 0, 0, 0, 0, -8, 0, 0, 0, 0, 0, 0, 0, 0, 0, 0, -4, -3, -15
"e:\LocalSoftware\share\DPDK\pktgen-dpdk\test\test_range.lua", "Lua", 0, 0, 0, 0, 0, -49, 0, 0, 0, 0, 0, 0, 0, 0, 0, 0, -3, -17, -69
"e:\LocalSoftware\share\DPDK\pktgen-dpdk\test\test_save.lua", "Lua", 0, 0, 0, 0, 0, -250, 0, 0, 0, 0, 0, 0, 0, 0, 0, 0, -53, -34, -337
"e:\LocalSoftware\share\DPDK\pktgen-dpdk\test\test_seq.lua", "Lua", 0, 0, 0, 0, 0, -116, 0, 0, 0, 0, 0, 0, 0, 0, 0, 0, -7, -3, -126
"e:\LocalSoftware\share\DPDK\pktgen-dpdk\test\tx-rx-loopback.lua", "Lua", 0, 0, 0, 0, 0, -29, 0, 0, 0, 0, 0, 0, 0, 0, 0, 0, -6, -12, -47
"e:\LocalSoftware\share\DPDK\pktgen-dpdk\test\vlan_udp_range.lua", "Lua", 0, 0, 0, 0, 0, -70, 0, 0, 0, 0, 0, 0, 0, 0, 0, 0, -11, -29, -110
"e:\LocalSoftware\share\DPDK\pktgen-dpdk\tools\call-sphinx-build.py", "Python", -17, 0, 0, 0, 0, 0, 0, 0, 0, 0, 0, 0, 0, 0, 0, 0, -8, -7, -32
"e:\LocalSoftware\share\DPDK\pktgen-dpdk\tools\dpdk-version.sh", "Shell Script", 0, -98, 0, 0, 0, 0, 0, 0, 0, 0, 0, 0, 0, 0, 0, 0, -14, -22, -134
"e:\LocalSoftware\share\DPDK\pktgen-dpdk\tools\pktgen-build.sh", "Shell Script", 0, -195, 0, 0, 0, 0, 0, 0, 0, 0, 0, 0, 0, 0, 0, 0, -15, -42, -252
"e:\LocalSoftware\share\DPDK\pktgen-dpdk\tools\run.py", "Python", -326, 0, 0, 0, 0, 0, 0, 0, 0, 0, 0, 0, 0, 0, 0, 0, -16, -102, -444
"e:\LocalSoftware\share\DPDK\worker0.sh", "Shell Script", 0, -7, 0, 0, 0, 0, 0, 0, 0, 0, 0, 0, 0, 0, 0, 0, -2, -4, -13
"e:\LocalSoftware\share\Grad_operation\Grad_Handle.py", "Python", -284, 0, 0, 0, 0, 0, 0, 0, 0, 0, 0, 0, 0, 0, 0, 0, -21, -68, -373
"e:\LocalSoftware\share\Grad_operation\_test_Grad_GPU_Memort.py", "Python", -155, 0, 0, 0, 0, 0, 0, 0, 0, 0, 0, 0, 0, 0, 0, 0, -21, -35, -211
"e:\LocalSoftware\share\Grad_operation\_test_Merged_Grad.py", "Python", -57, 0, 0, 0, 0, 0, 0, 0, 0, 0, 0, 0, 0, 0, 0, 0, -25, -18, -100
"e:\LocalSoftware\share\Grad_operation\_test_Partition.py", "Python", -72, 0, 0, 0, 0, 0, 0, 0, 0, 0, 0, 0, 0, 0, 0, 0, 0, -12, -84
"e:\LocalSoftware\share\Grad_operation\_test_Singal_Node.py", "Python", -139, 0, 0, 0, 0, 0, 0, 0, 0, 0, 0, 0, 0, 0, 0, 0, -10, -40, -189
"e:\LocalSoftware\share\Grad_operation\data\cifar-10-batches-py\readme.html", "HTML", 0, 0, 0, 0, 0, 0, 0, 0, 0, 0, 0, 0, 0, 0, 0, -1, 0, -1, -2
"e:\LocalSoftware\share\Grad_operation\trace.json", "JSON", 0, 0, 0, -42709, 0, 0, 0, 0, 0, 0, 0, 0, 0, 0, 0, 0, 0, -38, -42747
"e:\LocalSoftware\share\audio.py", "Python", -13, 0, 0, 0, 0, 0, 0, 0, 0, 0, 0, 0, 0, 0, 0, 0, -3, -4, -20
"e:\LocalSoftware\share\basic_model\dist_alexnet.py", "Python", -176, 0, 0, 0, 0, 0, 0, 0, 0, 0, 0, 0, 0, 0, 0, 0, -17, -36, -229
"e:\LocalSoftware\share\basic_model\dist_googlenet.py", "Python", -176, 0, 0, 0, 0, 0, 0, 0, 0, 0, 0, 0, 0, 0, 0, 0, -13, -37, -226
"e:\LocalSoftware\share\basic_model\dist_resnet18.py", "Python", -173, 0, 0, 0, 0, 0, 0, 0, 0, 0, 0, 0, 0, 0, 0, 0, -19, -36, -228
"e:\LocalSoftware\share\basic_model\dist_vgg16.py", "Python", -176, 0, 0, 0, 0, 0, 0, 0, 0, 0, 0, 0, 0, 0, 0, 0, -17, -30, -223
"e:\LocalSoftware\share\communication\Encapsulation\UDP_Encapsulation_Single.cc", "C++", 0, 0, 0, 0, 0, 0, 0, 0, 0, 0, -75, 0, 0, 0, 0, 0, -12, -15, -102
"e:\LocalSoftware\share\communication\Encapsulation\UDP_Encapsulation_W0.cc", "C++", 0, 0, 0, 0, 0, 0, 0, 0, 0, 0, -66, 0, 0, 0, 0, 0, -14, -15, -95
"e:\LocalSoftware\share\communication\Encapsulation\UDP_Encapsulation_W1.cc", "C++", 0, 0, 0, 0, 0, 0, 0, 0, 0, 0, -67, 0, 0, 0, 0, 0, -33, -14, -114
"e:\LocalSoftware\share\communication\Middle.cc", "C++", 0, 0, 0, 0, 0, 0, 0, 0, 0, 0, -63, 0, 0, 0, 0, 0, -3, -7, -73
"e:\LocalSoftware\share\communication\Middle.py", "Python", -37, 0, 0, 0, 0, 0, 0, 0, 0, 0, 0, 0, 0, 0, 0, 0, -5, -6, -48
"e:\LocalSoftware\share\communication\_test-tensor-py2cpp.py", "Python", -14, 0, 0, 0, 0, 0, 0, 0, 0, 0, 0, 0, 0, 0, 0, 0, 0, -3, -17
"e:\LocalSoftware\share\communication\_test_middle.py", "Python", -64, 0, 0, 0, 0, 0, 0, 0, 0, 0, 0, 0, 0, 0, 0, 0, -30, -22, -116
"e:\LocalSoftware\share\communication\_test_p2p.py", "Python", -36, 0, 0, 0, 0, 0, 0, 0, 0, 0, 0, 0, 0, 0, 0, 0, -2, -15, -53
"e:\LocalSoftware\share\communication\_test_tensor_trans.cc", "C++", 0, 0, 0, 0, 0, 0, 0, 0, 0, 0, -138, 0, 0, 0, 0, 0, -15, -30, -183
"e:\LocalSoftware\share\data\cifar-10-batches-py\readme.html", "HTML", 0, 0, 0, 0, 0, 0, 0, 0, 0, 0, 0, 0, 0, 0, 0, -1, 0, -1, -2
"e:\LocalSoftware\share\desktop.ini", "Ini", 0, 0, 0, 0, 0, 0, 0, 0, 0, 0, 0, 0, 0, 0, -4, 0, 0, -1, -5
"e:\LocalSoftware\share\dist_env\cpu_test.py", "Python", -39, 0, 0, 0, 0, 0, 0, 0, 0, 0, 0, 0, 0, 0, 0, 0, -4, -14, -57
"e:\LocalSoftware\share\dist_env\ddp_test_run.py", "Python", -30, 0, 0, 0, 0, 0, 0, 0, 0, 0, 0, 0, 0, 0, 0, 0, -1, -9, -40
"e:\LocalSoftware\share\dist_env\dist_ddp_cpu.py", "Python", -120, 0, 0, 0, 0, 0, 0, 0, 0, 0, 0, 0, 0, 0, 0, 0, -1, -27, -148
"e:\LocalSoftware\share\dist_env\dist_ddp_cpu_ring.py", "Python", -151, 0, 0, 0, 0, 0, 0, 0, 0, 0, 0, 0, 0, 0, 0, 0, -7, -30, -188
"e:\LocalSoftware\share\dist_env\dist_ddp_gpu.py", "Python", -116, 0, 0, 0, 0, 0, 0, 0, 0, 0, 0, 0, 0, 0, 0, 0, -3, -26, -145
"e:\LocalSoftware\share\dist_env\dist_ddp_gpu_ring.py", "Python", -181, 0, 0, 0, 0, 0, 0, 0, 0, 0, 0, 0, 0, 0, 0, 0, -7, -32, -220
"e:\LocalSoftware\share\dist_env\dist_ddp_gpu_ring_ver2.py", "Python", -227, 0, 0, 0, 0, 0, 0, 0, 0, 0, 0, 0, 0, 0, 0, 0, -15, -44, -286
"e:\LocalSoftware\share\dist_env\trian_multi_node.py", "Python", -48, 0, 0, 0, 0, 0, 0, 0, 0, 0, 0, 0, 0, 0, 0, 0, -1, -12, -61
"e:\LocalSoftware\share\gtopkssgd-master\README.md", "Markdown", 0, 0, 0, 0, 0, 0, -29, 0, 0, 0, 0, 0, 0, 0, 0, 0, 0, -4, -33
"e:\LocalSoftware\share\gtopkssgd-master\__init__.py", "Python", 0, 0, 0, 0, 0, 0, 0, 0, 0, 0, 0, 0, 0, 0, 0, 0, 0, -1, -1
"e:\LocalSoftware\share\gtopkssgd-master\allreducer.py", "Python", -536, 0, 0, 0, 0, 0, 0, 0, 0, 0, 0, 0, 0, 0, 0, 0, -15, -83, -634
"e:\LocalSoftware\share\gtopkssgd-master\audio_data\__init__.py", "Python", -1, 0, 0, 0, 0, 0, 0, 0, 0, 0, 0, 0, 0, 0, 0, 0, 0, -1, -2
"e:\LocalSoftware\share\gtopkssgd-master\audio_data\an4.py", "Python", -70, 0, 0, 0, 0, 0, 0, 0, 0, 0, 0, 0, 0, 0, 0, 0, 0, -18, -88
"e:\LocalSoftware\share\gtopkssgd-master\audio_data\distributed.py", "Python", -54, 0, 0, 0, 0, 0, 0, 0, 0, 0, 0, 0, 0, 0, 0, 0, 0, -12, -66
"e:\LocalSoftware\share\gtopkssgd-master\audio_data\labels.json", "JSON", 0, 0, 0, -31, 0, 0, 0, 0, 0, 0, 0, 0, 0, 0, 0, 0, 0, 0, -31
"e:\LocalSoftware\share\gtopkssgd-master\audio_data\librispeech.py", "Python", -98, 0, 0, 0, 0, 0, 0, 0, 0, 0, 0, 0, 0, 0, 0, 0, -2, -14, -114
"e:\LocalSoftware\share\gtopkssgd-master\audio_data\utils.py", "Python", -35, 0, 0, 0, 0, 0, 0, 0, 0, 0, 0, 0, 0, 0, 0, 0, 0, -10, -45
"e:\LocalSoftware\share\gtopkssgd-master\compression.py", "Python", -76, 0, 0, 0, 0, 0, 0, 0, 0, 0, 0, 0, 0, 0, 0, 0, -2, -17, -95
"e:\LocalSoftware\share\gtopkssgd-master\decoder.py", "Python", -151, 0, 0, 0, 0, 0, 0, 0, 0, 0, 0, 0, 0, 0, 0, 0, -21, -26, -198
"e:\LocalSoftware\share\gtopkssgd-master\distributed_optimizer.py", "Python", -185, 0, 0, 0, 0, 0, 0, 0, 0, 0, 0, 0, 0, 0, 0, 0, -5, -28, -218
"e:\LocalSoftware\share\gtopkssgd-master\dl_trainer.py", "Python", -720, 0, 0, 0, 0, 0, 0, 0, 0, 0, 0, 0, 0, 0, 0, 0, -21, -95, -836
"e:\LocalSoftware\share\gtopkssgd-master\evaluate.py", "Python", -65, 0, 0, 0, 0, 0, 0, 0, 0, 0, 0, 0, 0, 0, 0, 0, -2, -8, -75
"e:\LocalSoftware\share\gtopkssgd-master\exp_configs\alexnet.conf", "Properties", 0, 0, 0, 0, -7, 0, 0, 0, 0, 0, 0, 0, 0, 0, 0, 0, 0, -1, -8
"e:\LocalSoftware\share\gtopkssgd-master\exp_configs\lstm.conf", "Properties", 0, 0, 0, 0, -7, 0, 0, 0, 0, 0, 0, 0, 0, 0, 0, 0, 0, -1, -8
"e:\LocalSoftware\share\gtopkssgd-master\exp_configs\lstman4.conf", "Properties", 0, 0, 0, 0, -7, 0, 0, 0, 0, 0, 0, 0, 0, 0, 0, 0, 0, -1, -8
"e:\LocalSoftware\share\gtopkssgd-master\exp_configs\resnet20.conf", "Properties", 0, 0, 0, 0, -7, 0, 0, 0, 0, 0, 0, 0, 0, 0, 0, 0, 0, -1, -8
"e:\LocalSoftware\share\gtopkssgd-master\exp_configs\resnet50.conf", "Properties", 0, 0, 0, 0, -7, 0, 0, 0, 0, 0, 0, 0, 0, 0, 0, 0, 0, -1, -8
"e:\LocalSoftware\share\gtopkssgd-master\exp_configs\vgg16.conf", "Properties", 0, 0, 0, 0, -7, 0, 0, 0, 0, 0, 0, 0, 0, 0, 0, 0, 0, -1, -8
"e:\LocalSoftware\share\gtopkssgd-master\gtopk.si4project\gtopk.bookmarks.xml", "XML", 0, 0, 0, 0, 0, 0, 0, 0, 0, 0, 0, 0, -7, 0, 0, 0, 0, -1, -8
"e:\LocalSoftware\share\gtopkssgd-master\gtopk.si4project\gtopk.siproj_settings.xml", "XML", 0, 0, 0, 0, 0, 0, 0, 0, 0, 0, 0, 0, -22, 0, 0, 0, 0, -1, -23
"e:\LocalSoftware\share\gtopkssgd-master\gtopk.si4project\gtopk.snippets.xml", "XML", 0, 0, 0, 0, 0, 0, 0, 0, 0, 0, 0, 0, -7, 0, 0, 0, 0, -1, -8
"e:\LocalSoftware\share\gtopkssgd-master\gtopk_mpi.sh", "Shell Script", 0, -11, 0, 0, 0, 0, 0, 0, 0, 0, 0, 0, 0, 0, 0, 0, -1, -1, -13
"e:\LocalSoftware\share\gtopkssgd-master\gtopk_trainer.py", "Python", -151, 0, 0, 0, 0, 0, 0, 0, 0, 0, 0, 0, 0, 0, 0, 0, -3, -19, -173
"e:\LocalSoftware\share\gtopkssgd-master\horovod_mpi.sh", "Shell Script", 0, -11, 0, 0, 0, 0, 0, 0, 0, 0, 0, 0, 0, 0, 0, 0, -1, -1, -13
"e:\LocalSoftware\share\gtopkssgd-master\horovod_trainer.py", "Python", -93, 0, 0, 0, 0, 0, 0, 0, 0, 0, 0, 0, 0, 0, 0, 0, -1, -10, -104
"e:\LocalSoftware\share\gtopkssgd-master\labels.json", "JSON", 0, 0, 0, -31, 0, 0, 0, 0, 0, 0, 0, 0, 0, 0, 0, 0, 0, 0, -31
"e:\LocalSoftware\share\gtopkssgd-master\model_builder.py", "Python", -21, 0, 0, 0, 0, 0, 0, 0, 0, 0, 0, 0, 0, 0, 0, 0, 0, -5, -26
"e:\LocalSoftware\share\gtopkssgd-master\models\__init__.py", "Python", -22, 0, 0, 0, 0, 0, 0, 0, 0, 0, 0, 0, 0, 0, 0, 0, 0, -5, -27
"e:\LocalSoftware\share\gtopkssgd-master\models\alexnet.py", "Python", -76, 0, 0, 0, 0, 0, 0, 0, 0, 0, 0, 0, 0, 0, 0, 0, 0, -12, -88
"e:\LocalSoftware\share\gtopkssgd-master\models\caffe_cifar.py", "Python", -47, 0, 0, 0, 0, 0, 0, 0, 0, 0, 0, 0, 0, 0, 0, 0, -2, -11, -60
"e:\LocalSoftware\share\gtopkssgd-master\models\densenet.py", "Python", -84, 0, 0, 0, 0, 0, 0, 0, 0, 0, 0, 0, 0, 0, 0, 0, 0, -18, -102
"e:\LocalSoftware\share\gtopkssgd-master\models\imagenet_resnet.py", "Python", -146, 0, 0, 0, 0, 0, 0, 0, 0, 0, 0, 0, 0, 0, 0, 0, 0, -47, -193
"e:\LocalSoftware\share\gtopkssgd-master\models\lstm.py", "Python", -42, 0, 0, 0, 0, 0, 0, 0, 0, 0, 0, 0, 0, 0, 0, 0, 0, -5, -47
"e:\LocalSoftware\share\gtopkssgd-master\models\lstm_models.py", "Python", -301, 0, 0, 0, 0, 0, 0, 0, 0, 0, 0, 0, 0, 0, 0, 0, -13, -51, -365
"e:\LocalSoftware\share\gtopkssgd-master\models\lstman4.py", "Python", -28, 0, 0, 0, 0, 0, 0, 0, 0, 0, 0, 0, 0, 0, 0, 0, -1, -5, -34
"e:\LocalSoftware\share\gtopkssgd-master\models\preresnet.py", "Python", -121, 0, 0, 0, 0, 0, 0, 0, 0, 0, 0, 0, 0, 0, 0, 0, -2, -29, -152
"e:\LocalSoftware\share\gtopkssgd-master\models\res_utils.py", "Python", -28, 0, 0, 0, 0, 0, 0, 0, 0, 0, 0, 0, 0, 0, 0, 0, 0, -10, -38
"e:\LocalSoftware\share\gtopkssgd-master\models\resnet.py", "Python", -118, 0, 0, 0, 0, 0, 0, 0, 0, 0, 0, 0, 0, 0, 0, 0, -2, -26, -146
"e:\LocalSoftware\share\gtopkssgd-master\models\resnet_mod.py", "Python", -137, 0, 0, 0, 0, 0, 0, 0, 0, 0, 0, 0, 0, 0, 0, 0, -2, -29, -168
"e:\LocalSoftware\share\gtopkssgd-master\models\resnext.py", "Python", -98, 0, 0, 0, 0, 0, 0, 0, 0, 0, 0, 0, 0, 0, 0, 0, -1, -28, -127
"e:\LocalSoftware\share\gtopkssgd-master\models\vgg.py", "Python", -37, 0, 0, 0, 0, 0, 0, 0, 0, 0, 0, 0, 0, 0, 0, 0, -1, -10, -48
"e:\LocalSoftware\share\gtopkssgd-master\ptb_reader.py", "Python", -74, 0, 0, 0, 0, 0, 0, 0, 0, 0, 0, 0, 0, 0, 0, 0, -3, -26, -103
"e:\LocalSoftware\share\gtopkssgd-master\requirements.txt", "pip requirements", 0, 0, -8, 0, 0, 0, 0, 0, 0, 0, 0, 0, 0, 0, 0, 0, 0, -1, -9
"e:\LocalSoftware\share\gtopkssgd-master\scripts\create_hdf5.py", "Python", -97, 0, 0, 0, 0, 0, 0, 0, 0, 0, 0, 0, 0, 0, 0, 0, -5, -13, -115
"e:\LocalSoftware\share\gtopkssgd-master\scripts\eval.sh", "Shell Script", 0, -1, 0, 0, 0, 0, 0, 0, 0, 0, 0, 0, 0, 0, 0, 0, -10, -3, -14
"e:\LocalSoftware\share\gtopkssgd-master\scripts\icdcs2019\communication.py", "Python", -535, 0, 0, 0, 0, 0, 0, 0, 0, 0, 0, 0, 0, 0, 0, 0, -128, -68, -731
"e:\LocalSoftware\share\gtopkssgd-master\scripts\icdcs2019\plot_loss.py", "Python", -298, 0, 0, 0, 0, 0, 0, 0, 0, 0, 0, 0, 0, 0, 0, 0, -113, -37, -448
"e:\LocalSoftware\share\gtopkssgd-master\scripts\icdcs2019\plot_sth.py", "Python", -165, 0, 0, 0, 0, 0, 0, 0, 0, 0, 0, 0, 0, 0, 0, 0, -19, -14, -198
"e:\LocalSoftware\share\gtopkssgd-master\scripts\icdcs2019\utils.py", "Python", -65, 0, 0, 0, 0, 0, 0, 0, 0, 0, 0, 0, 0, 0, 0, 0, -11, -9, -85
"e:\LocalSoftware\share\gtopkssgd-master\scripts\ijcai2019\plot_loss.py", "Python", -356, 0, 0, 0, 0, 0, 0, 0, 0, 0, 0, 0, 0, 0, 0, 0, -7, -21, -384
"e:\LocalSoftware\share\gtopkssgd-master\scripts\ijcai2019\utils.py", "Python", -14, 0, 0, 0, 0, 0, 0, 0, 0, 0, 0, 0, 0, 0, 0, 0, -1, -3, -18
"e:\LocalSoftware\share\gtopkssgd-master\scripts\killp2p.sh", "Shell Script", 0, -4, 0, 0, 0, 0, 0, 0, 0, 0, 0, 0, 0, 0, 0, 0, -5, -1, -10
"e:\LocalSoftware\share\gtopkssgd-master\scripts\test_read_hdf5.py", "Python", -20, 0, 0, 0, 0, 0, 0, 0, 0, 0, 0, 0, 0, 0, 0, 0, -6, -4, -30
"e:\LocalSoftware\share\gtopkssgd-master\settings.py", "Python", -27, 0, 0, 0, 0, 0, 0, 0, 0, 0, 0, 0, 0, 0, 0, 0, -1, -9, -37
"e:\LocalSoftware\share\gtopkssgd-master\single.sh", "Shell Script", 0, -4, 0, 0, 0, 0, 0, 0, 0, 0, 0, 0, 0, 0, 0, 0, -1, -1, -6
"e:\LocalSoftware\share\gtopkssgd-master\utils.py", "Python", -32, 0, 0, 0, 0, 0, 0, 0, 0, 0, 0, 0, 0, 0, 0, 0, -1, -8, -41
"e:\LocalSoftware\share\utils\Math_Temp.py", "Python", -25, 0, 0, 0, 0, 0, 0, 0, 0, 0, 0, 0, 0, 0, 0, 0, -6, -8, -39
"e:\LocalSoftware\share\utils\Math_Test.py", "Python", -16, 0, 0, 0, 0, 0, 0, 0, 0, 0, 0, 0, 0, 0, 0, 0, -4, -1, -21
"e:\LocalSoftware\share\utils\Math_Test2.py", "Python", -10, 0, 0, 0, 0, 0, 0, 0, 0, 0, 0, 0, 0, 0, 0, 0, -3, -2, -15
"e:\LocalSoftware\share\utils\Math_Test3.py", "Python", -11, 0, 0, 0, 0, 0, 0, 0, 0, 0, 0, 0, 0, 0, 0, 0, -4, -4, -19
"e:\LocalSoftware\share\utils\grad_collect.py", "Python", -42, 0, 0, 0, 0, 0, 0, 0, 0, 0, 0, 0, 0, 0, 0, 0, -11, -15, -68
"Total", "-", -8739, -441, -8, -42771, -1303, -1809, -501, -431, -2274, -3, -6876, -30179, -36, -32, -4, -2, -11645, -14954, -122008